id,identifier,species_id,height,weight,base_experience,order,is_default
1,Bulbasaur,1,7,69,64,1,1
2,Ivysaur,2,10,130,142,2,1
3,Venusaur,3,20,1000,236,3,1
4,Charmander,4,6,85,62,5,1
5,Charmeleon,5,11,190,142,6,1
6,Charizard,6,17,905,240,7,1
7,Squirtle,7,5,90,63,10,1
8,Wartortle,8,10,225,142,11,1
9,Blastoise,9,16,855,239,12,1
10,Caterpie,10,3,29,39,14,1
11,Metapod,11,7,99,72,15,1
12,Butterfree,12,11,320,178,16,1
13,Weedle,13,3,32,39,17,1
14,Kakuna,14,6,100,72,18,1
15,Beedrill,15,10,295,178,19,1
16,Pidgey,16,3,18,50,21,1
17,Pidgeotto,17,11,300,122,22,1
18,Pidgeot,18,15,395,216,23,1
19,Rattata,19,3,35,51,25,1
20,Raticate,20,7,185,145,27,1
21,Spearow,21,3,20,52,30,1
22,Fearow,22,12,380,155,31,1
23,Ekans,23,20,69,58,32,1
24,Arbok,24,35,650,157,33,1
25,Pikachu,25,4,60,112,35,1
26,Raichu,26,8,300,218,49,1
27,Sandshrew,27,6,120,60,51,1
28,Sandslash,28,10,295,158,53,1
29,Nidoran-F,29,4,70,55,55,1
30,Nidorina,30,8,200,128,56,1
31,Nidoqueen,31,13,600,227,57,1
32,Nidoran-M,32,5,90,55,58,1
33,Nidorino,33,9,195,128,59,1
34,Nidoking,34,14,620,227,60,1
35,Clefairy,35,6,75,113,62,1
36,Clefable,36,13,400,217,63,1
37,Vulpix,37,6,99,60,64,1
38,Ninetales,38,11,199,177,66,1
39,Jigglypuff,39,5,55,95,69,1
40,Wigglytuff,40,10,120,196,70,1
41,Zubat,41,8,75,49,71,1
42,Golbat,42,16,550,159,72,1
43,Oddish,43,5,54,64,74,1
44,Gloom,44,8,86,138,75,1
45,Vileplume,45,12,186,221,76,1
46,Paras,46,3,54,57,78,1
47,Parasect,47,10,295,142,79,1
48,Venonat,48,10,300,61,80,1
49,Venomoth,49,15,125,158,81,1
50,Diglett,50,2,8,53,82,1
51,Dugtrio,51,7,333,149,84,1
52,Meowth,52,4,42,58,86,1
53,Persian,53,10,320,154,88,1
54,Psyduck,54,8,196,64,90,1
55,Golduck,55,17,766,175,91,1
56,Mankey,56,5,280,61,92,1
57,Primeape,57,10,320,159,93,1
58,Growlithe,58,7,190,70,94,1
59,Arcanine,59,19,1550,194,95,1
60,Poliwag,60,6,124,60,96,1
61,Poliwhirl,61,10,200,135,97,1
62,Poliwrath,62,13,540,230,98,1
63,Abra,63,9,195,62,100,1
64,Kadabra,64,13,565,140,101,1
65,Alakazam,65,15,480,225,102,1
66,Machop,66,8,195,61,104,1
67,Machoke,67,15,705,142,105,1
68,Machamp,68,16,1300,227,106,1
69,Bellsprout,69,7,40,60,107,1
70,Weepinbell,70,10,64,137,108,1
71,Victreebel,71,17,155,221,109,1
72,Tentacool,72,9,455,67,110,1
73,Tentacruel,73,16,550,180,111,1
74,Geodude,74,4,200,60,112,1
75,Graveler,75,10,1050,137,114,1
76,Golem,76,14,3000,223,116,1
77,Ponyta,77,10,300,82,118,1
78,Rapidash,78,17,950,175,119,1
79,Slowpoke,79,12,360,63,120,1
80,Slowbro,80,16,785,172,121,1
81,Magnemite,81,3,60,65,124,1
82,Magneton,82,10,600,163,125,1
83,Farfetchd,83,8,150,132,127,1
84,Doduo,84,14,392,62,128,1
85,Dodrio,85,18,852,165,129,1
86,Seel,86,11,900,65,130,1
87,Dewgong,87,17,1200,166,131,1
88,Grimer,88,9,300,65,132,1
89,Muk,89,12,300,175,134,1
90,Shellder,90,3,40,61,136,1
91,Cloyster,91,15,1325,184,137,1
92,Gastly,92,13,1,62,138,1
93,Haunter,93,16,1,142,139,1
94,Gengar,94,15,405,225,140,1
95,Onix,95,88,2100,77,142,1
96,Drowzee,96,10,324,66,145,1
97,Hypno,97,16,756,169,146,1
98,Krabby,98,4,65,65,147,1
99,Kingler,99,13,600,166,148,1
100,Voltorb,100,5,104,66,149,1
101,Electrode,101,12,666,172,150,1
102,Exeggcute,102,4,25,65,151,1
103,Exeggutor,103,20,1200,186,152,1
104,Cubone,104,4,65,64,154,1
105,Marowak,105,10,450,149,155,1
106,Hitmonlee,106,15,498,159,159,1
107,Hitmonchan,107,14,502,159,160,1
108,Lickitung,108,12,655,77,162,1
109,Koffing,109,6,10,68,164,1
110,Weezing,110,12,95,172,165,1
111,Rhyhorn,111,10,1150,69,166,1
112,Rhydon,112,19,1200,170,167,1
113,Chansey,113,11,346,395,170,1
114,Tangela,114,10,350,87,172,1
115,Kangaskhan,115,22,800,172,174,1
116,Horsea,116,4,80,59,176,1
117,Seadra,117,12,250,154,177,1
118,Goldeen,118,6,150,64,179,1
119,Seaking,119,13,390,158,180,1
120,Staryu,120,8,345,68,181,1
121,Starmie,121,11,800,182,182,1
122,Mr-Mime,122,13,545,161,184,1
123,Scyther,123,15,560,100,185,1
124,Jynx,124,14,406,159,189,1
125,Electabuzz,125,11,300,172,191,1
126,Magmar,126,13,445,173,194,1
127,Pinsir,127,15,550,175,196,1
128,Tauros,128,14,884,172,198,1
129,Magikarp,129,9,100,40,199,1
130,Gyarados,130,65,2350,189,200,1
131,Lapras,131,25,2200,187,202,1
132,Ditto,132,3,40,101,203,1
133,Eevee,133,3,65,65,204,1
134,Vaporeon,134,10,290,184,205,1
135,Jolteon,135,8,245,184,206,1
136,Flareon,136,9,250,184,207,1
137,Porygon,137,8,365,79,213,1
138,Omanyte,138,4,75,71,216,1
139,Omastar,139,10,350,173,217,1
140,Kabuto,140,5,115,71,218,1
141,Kabutops,141,13,405,173,219,1
142,Aerodactyl,142,18,590,180,220,1
143,Snorlax,143,21,4600,189,223,1
144,Articuno,144,17,554,261,224,1
145,Zapdos,145,16,526,261,225,1
146,Moltres,146,20,600,261,226,1
147,Dratini,147,18,33,60,227,1
148,Dragonair,148,40,165,147,228,1
149,Dragonite,149,22,2100,270,229,1
150,Mewtwo,150,20,1220,306,230,1
151,Mew,151,4,40,270,233,1
152,Chikorita,152,9,64,64,234,1
153,Bayleef,153,12,158,142,235,1
154,Meganium,154,18,1005,236,236,1
155,Cyndaquil,155,5,79,62,237,1
156,Quilava,156,9,190,142,238,1
157,Typhlosion,157,17,795,240,239,1
158,Totodile,158,6,95,63,240,1
159,Croconaw,159,11,250,142,241,1
160,Feraligatr,160,23,888,239,242,1
161,Sentret,161,8,60,43,243,1
162,Furret,162,18,325,145,244,1
163,Hoothoot,163,7,212,52,245,1
164,Noctowl,164,16,408,158,246,1
165,Ledyba,165,10,108,53,247,1
166,Ledian,166,14,356,137,248,1
167,Spinarak,167,5,85,50,249,1
168,Ariados,168,11,335,140,250,1
169,Crobat,169,18,750,241,73,1
170,Chinchou,170,5,120,66,251,1
171,Lanturn,171,12,225,161,252,1
172,Pichu,172,3,20,41,34,1
173,Cleffa,173,3,30,44,61,1
174,Igglybuff,174,3,10,42,68,1
175,Togepi,175,3,15,49,253,1
176,Togetic,176,6,32,142,254,1
177,Natu,177,2,20,64,256,1
178,Xatu,178,15,150,165,257,1
179,Mareep,179,6,78,56,258,1
180,Flaaffy,180,8,133,128,259,1
181,Ampharos,181,14,615,230,260,1
182,Bellossom,182,4,58,221,77,1
183,Marill,183,4,85,88,263,1
184,Azumarill,184,8,285,189,264,1
185,Sudowoodo,185,12,380,144,266,1
186,Politoed,186,11,339,225,99,1
187,Hoppip,187,4,5,50,267,1
188,Skiploom,188,6,10,119,268,1
189,Jumpluff,189,8,30,207,269,1
190,Aipom,190,8,115,72,270,1
191,Sunkern,191,3,18,36,272,1
192,Sunflora,192,8,85,149,273,1
193,Yanma,193,12,380,78,274,1
194,Wooper,194,4,85,42,276,1
195,Quagsire,195,14,750,151,277,1
196,Espeon,196,9,265,184,208,1
197,Umbreon,197,10,270,184,209,1
198,Murkrow,198,5,21,81,278,1
199,Slowking,199,20,795,172,123,1
200,Misdreavus,200,7,10,87,280,1
201,Unown,201,5,50,118,282,1
202,Wobbuffet,202,13,285,142,284,1
203,Girafarig,203,15,415,159,285,1
204,Pineco,204,6,72,58,286,1
205,Forretress,205,12,1258,163,287,1
206,Dunsparce,206,15,140,145,288,1
207,Gligar,207,11,648,86,289,1
208,Steelix,208,92,4000,179,143,1
209,Snubbull,209,6,78,60,291,1
210,Granbull,210,14,487,158,292,1
211,Qwilfish,211,5,39,88,293,1
212,Scizor,212,18,1180,175,186,1
213,Shuckle,213,6,205,177,294,1
214,Heracross,214,15,540,175,295,1
215,Sneasel,215,9,280,86,297,1
216,Teddiursa,216,6,88,66,299,1
217,Ursaring,217,18,1258,175,300,1
218,Slugma,218,7,350,50,301,1
219,Magcargo,219,8,550,151,302,1
220,Swinub,220,4,65,50,303,1
221,Piloswine,221,11,558,158,304,1
222,Corsola,222,6,50,144,306,1
223,Remoraid,223,6,120,60,307,1
224,Octillery,224,9,285,168,308,1
225,Delibird,225,9,160,116,309,1
226,Mantine,226,21,2200,170,311,1
227,Skarmory,227,17,505,163,312,1
228,Houndour,228,6,108,66,313,1
229,Houndoom,229,14,350,175,314,1
230,Kingdra,230,18,1520,243,178,1
231,Phanpy,231,5,335,66,316,1
232,Donphan,232,11,1200,175,317,1
233,Porygon2,233,6,325,180,214,1
234,Stantler,234,14,712,163,318,1
235,Smeargle,235,12,580,88,319,1
236,Tyrogue,236,7,210,42,158,1
237,Hitmontop,237,14,480,159,161,1
238,Smoochum,238,4,60,61,188,1
239,Elekid,239,6,235,72,190,1
240,Magby,240,7,214,73,193,1
241,Miltank,241,12,755,172,320,1
242,Blissey,242,15,468,608,171,1
243,Raikou,243,19,1780,261,321,1
244,Entei,244,21,1980,261,322,1
245,Suicune,245,20,1870,261,323,1
246,Larvitar,246,6,720,60,324,1
247,Pupitar,247,12,1520,144,325,1
248,Tyranitar,248,20,2020,270,326,1
249,Lugia,249,52,2160,306,328,1
250,Ho-Oh,250,38,1990,306,329,1
251,Celebi,251,6,50,270,330,1
252,Treecko,252,5,50,62,331,1
253,Grovyle,253,9,216,142,332,1
254,Sceptile,254,17,522,239,333,1
255,Torchic,255,4,25,62,335,1
256,Combusken,256,9,195,142,336,1
257,Blaziken,257,19,520,239,337,1
258,Mudkip,258,4,76,62,339,1
259,Marshtomp,259,7,280,142,340,1
260,Swampert,260,15,819,241,341,1
261,Poochyena,261,5,136,56,343,1
262,Mightyena,262,10,370,147,344,1
263,Zigzagoon,263,4,175,56,345,1
264,Linoone,264,5,325,147,346,1
265,Wurmple,265,3,36,56,347,1
266,Silcoon,266,6,100,72,348,1
267,Beautifly,267,10,284,178,349,1
268,Cascoon,268,7,115,72,350,1
269,Dustox,269,12,316,173,351,1
270,Lotad,270,5,26,44,352,1
271,Lombre,271,12,325,119,353,1
272,Ludicolo,272,15,550,216,354,1
273,Seedot,273,5,40,44,355,1
274,Nuzleaf,274,10,280,119,356,1
275,Shiftry,275,13,596,216,357,1
276,Taillow,276,3,23,54,358,1
277,Swellow,277,7,198,159,359,1
278,Wingull,278,6,95,54,360,1
279,Pelipper,279,12,280,154,361,1
280,Ralts,280,4,66,40,362,1
281,Kirlia,281,8,202,97,363,1
282,Gardevoir,282,16,484,233,364,1
283,Surskit,283,5,17,54,368,1
284,Masquerain,284,8,36,159,369,1
285,Shroomish,285,4,45,59,370,1
286,Breloom,286,12,392,161,371,1
287,Slakoth,287,8,240,56,372,1
288,Vigoroth,288,14,465,154,373,1
289,Slaking,289,20,1305,252,374,1
290,Nincada,290,5,55,53,375,1
291,Ninjask,291,8,120,160,376,1
292,Shedinja,292,8,12,83,377,1
293,Whismur,293,6,163,48,378,1
294,Loudred,294,10,405,126,379,1
295,Exploud,295,15,840,221,380,1
296,Makuhita,296,10,864,47,381,1
297,Hariyama,297,23,2538,166,382,1
298,Azurill,298,2,20,38,262,1
299,Nosepass,299,10,970,75,383,1
300,Skitty,300,6,110,52,385,1
301,Delcatty,301,11,326,140,386,1
302,Sableye,302,5,110,133,387,1
303,Mawile,303,6,115,133,389,1
304,Aron,304,4,600,66,391,1
305,Lairon,305,9,1200,151,392,1
306,Aggron,306,21,3600,239,393,1
307,Meditite,307,6,112,56,395,1
308,Medicham,308,13,315,144,396,1
309,Electrike,309,6,152,59,398,1
310,Manectric,310,15,402,166,399,1
311,Plusle,311,4,42,142,401,1
312,Minun,312,4,42,142,402,1
313,Volbeat,313,7,177,151,403,1
314,Illumise,314,6,177,151,404,1
315,Roselia,315,3,20,140,406,1
316,Gulpin,316,4,103,60,408,1
317,Swalot,317,17,800,163,409,1
318,Carvanha,318,8,208,61,410,1
319,Sharpedo,319,18,888,161,411,1
320,Wailmer,320,20,1300,80,413,1
321,Wailord,321,145,3980,175,414,1
322,Numel,322,7,240,61,415,1
323,Camerupt,323,19,2200,161,416,1
324,Torkoal,324,5,804,165,418,1
325,Spoink,325,7,306,66,419,1
326,Grumpig,326,9,715,165,420,1
327,Spinda,327,11,50,126,421,1
328,Trapinch,328,7,150,58,422,1
329,Vibrava,329,11,153,119,423,1
330,Flygon,330,20,820,234,424,1
331,Cacnea,331,4,513,67,425,1
332,Cacturne,332,13,774,166,426,1
333,Swablu,333,4,12,62,427,1
334,Altaria,334,11,206,172,428,1
335,Zangoose,335,13,403,160,430,1
336,Seviper,336,27,525,160,431,1
337,Lunatone,337,10,1680,161,432,1
338,Solrock,338,12,1540,161,433,1
339,Barboach,339,4,19,58,434,1
340,Whiscash,340,9,236,164,435,1
341,Corphish,341,6,115,62,436,1
342,Crawdaunt,342,11,328,164,437,1
343,Baltoy,343,5,215,60,438,1
344,Claydol,344,15,1080,175,439,1
345,Lileep,345,10,238,71,440,1
346,Cradily,346,15,604,173,441,1
347,Anorith,347,7,125,71,442,1
348,Armaldo,348,15,682,173,443,1
349,Feebas,349,6,74,40,444,1
350,Milotic,350,62,1620,189,445,1
351,Castform,351,3,8,147,446,1
352,Kecleon,352,10,220,154,450,1
353,Shuppet,353,6,23,59,451,1
354,Banette,354,11,125,159,452,1
355,Duskull,355,8,150,59,454,1
356,Dusclops,356,16,306,159,455,1
357,Tropius,357,20,1000,161,457,1
358,Chimecho,358,6,10,159,459,1
359,Absol,359,12,470,163,460,1
360,Wynaut,360,6,140,52,283,1
361,Snorunt,361,7,168,60,462,1
362,Glalie,362,15,2565,168,463,1
363,Spheal,363,8,395,58,466,1
364,Sealeo,364,11,876,144,467,1
365,Walrein,365,14,1506,239,468,1
366,Clamperl,366,4,525,69,469,1
367,Huntail,367,17,270,170,470,1
368,Gorebyss,368,18,226,170,471,1
369,Relicanth,369,10,234,170,472,1
370,Luvdisc,370,6,87,116,473,1
371,Bagon,371,6,421,60,474,1
372,Shelgon,372,11,1105,147,475,1
373,Salamence,373,15,1026,270,476,1
374,Beldum,374,6,952,60,478,1
375,Metang,375,12,2025,147,479,1
376,Metagross,376,16,5500,270,480,1
377,Regirock,377,17,2300,261,482,1
378,Regice,378,18,1750,261,483,1
379,Registeel,379,19,2050,261,484,1
380,Latias,380,14,400,270,485,1
381,Latios,381,20,600,270,487,1
382,Kyogre,382,45,3520,302,489,1
383,Groudon,383,35,9500,302,491,1
384,Rayquaza,384,70,2065,306,493,1
385,Jirachi,385,3,11,270,495,1
386,Deoxys-Normal,386,17,608,270,496,1
387,Turtwig,387,4,102,64,500,1
388,Grotle,388,11,970,142,501,1
389,Torterra,389,22,3100,236,502,1
390,Chimchar,390,5,62,62,503,1
391,Monferno,391,9,220,142,504,1
392,Infernape,392,12,550,240,505,1
393,Piplup,393,4,52,63,506,1
394,Prinplup,394,8,230,142,507,1
395,Empoleon,395,17,845,239,508,1
396,Starly,396,3,20,49,509,1
397,Staravia,397,6,155,119,510,1
398,Staraptor,398,12,249,218,511,1
399,Bidoof,399,5,200,50,512,1
400,Bibarel,400,10,315,144,513,1
401,Kricketot,401,3,22,39,514,1
402,Kricketune,402,10,255,134,515,1
403,Shinx,403,5,95,53,516,1
404,Luxio,404,9,305,127,517,1
405,Luxray,405,14,420,235,518,1
406,Budew,406,2,12,56,405,1
407,Roserade,407,9,145,232,407,1
408,Cranidos,408,9,315,70,519,1
409,Rampardos,409,16,1025,173,520,1
410,Shieldon,410,5,570,70,521,1
411,Bastiodon,411,13,1495,173,522,1
412,Burmy,412,2,34,45,523,1
413,Wormadam-Plant,413,5,65,148,524,1
414,Mothim,414,9,233,148,527,1
415,Combee,415,3,55,49,528,1
416,Vespiquen,416,12,385,166,529,1
417,Pachirisu,417,4,39,142,530,1
418,Buizel,418,7,295,66,531,1
419,Floatzel,419,11,335,173,532,1
420,Cherubi,420,4,33,55,533,1
421,Cherrim,421,5,93,158,534,1
422,Shellos,422,3,63,65,535,1
423,Gastrodon,423,9,299,166,536,1
424,Ambipom,424,12,203,169,271,1
425,Drifloon,425,4,12,70,537,1
426,Drifblim,426,12,150,174,538,1
427,Buneary,427,4,55,70,539,1
428,Lopunny,428,12,333,168,540,1
429,Mismagius,429,9,44,173,281,1
430,Honchkrow,430,9,273,177,279,1
431,Glameow,431,5,39,62,542,1
432,Purugly,432,10,438,158,543,1
433,Chingling,433,2,6,57,458,1
434,Stunky,434,4,192,66,544,1
435,Skuntank,435,10,380,168,545,1
436,Bronzor,436,5,605,60,546,1
437,Bronzong,437,13,1870,175,547,1
438,Bonsly,438,5,150,58,265,1
439,Mime-Jr,439,6,130,62,183,1
440,Happiny,440,6,244,110,169,1
441,Chatot,441,5,19,144,548,1
442,Spiritomb,442,10,1080,170,549,1
443,Gible,443,7,205,60,550,1
444,Gabite,444,14,560,144,551,1
445,Garchomp,445,19,950,270,552,1
446,Munchlax,446,6,1050,78,222,1
447,Riolu,447,7,202,57,554,1
448,Lucario,448,12,540,184,555,1
449,Hippopotas,449,8,495,66,557,1
450,Hippowdon,450,20,3000,184,558,1
451,Skorupi,451,8,120,66,559,1
452,Drapion,452,13,615,175,560,1
453,Croagunk,453,7,230,60,561,1
454,Toxicroak,454,13,444,172,562,1
455,Carnivine,455,14,270,159,563,1
456,Finneon,456,4,70,66,564,1
457,Lumineon,457,12,240,161,565,1
458,Mantyke,458,10,650,69,310,1
459,Snover,459,10,505,67,566,1
460,Abomasnow,460,22,1355,173,567,1
461,Weavile,461,11,340,179,298,1
462,Magnezone,462,12,1800,241,126,1
463,Lickilicky,463,17,1400,180,163,1
464,Rhyperior,464,24,2828,241,168,1
465,Tangrowth,465,20,1286,187,173,1
466,Electivire,466,18,1386,243,192,1
467,Magmortar,467,16,680,243,195,1
468,Togekiss,468,15,380,245,255,1
469,Yanmega,469,19,515,180,275,1
470,Leafeon,470,10,255,184,210,1
471,Glaceon,471,8,259,184,211,1
472,Gliscor,472,20,425,179,290,1
473,Mamoswine,473,25,2910,239,305,1
474,Porygon-Z,474,9,340,241,215,1
475,Gallade,475,16,520,233,366,1
476,Probopass,476,14,3400,184,384,1
477,Dusknoir,477,22,1066,236,456,1
478,Froslass,478,13,266,168,465,1
479,Rotom,479,3,3,154,569,1
480,Uxie,480,3,3,261,575,1
481,Mesprit,481,3,3,261,576,1
482,Azelf,482,3,3,261,577,1
483,Dialga,483,54,6830,306,578,1
484,Palkia,484,42,3360,306,579,1
485,Heatran,485,17,4300,270,580,1
486,Regigigas,486,37,4200,302,581,1
487,Giratina-Altered,487,45,7500,306,582,1
488,Cresselia,488,15,856,270,584,1
489,Phione,489,4,31,216,585,1
490,Manaphy,490,3,14,270,586,1
491,Darkrai,491,15,505,270,587,1
492,Shaymin-Land,492,2,21,270,588,1
493,Arceus,493,32,3200,324,590,1
494,Victini,494,4,40,270,591,1
495,Snivy,495,6,81,62,592,1
496,Servine,496,8,160,145,593,1
497,Serperior,497,33,630,238,594,1
498,Tepig,498,5,99,62,595,1
499,Pignite,499,10,555,146,596,1
500,Emboar,500,16,1500,238,597,1
501,Oshawott,501,5,59,62,598,1
502,Dewott,502,8,245,145,599,1
503,Samurott,503,15,946,238,600,1
504,Patrat,504,5,116,51,601,1
505,Watchog,505,11,270,147,602,1
506,Lillipup,506,4,41,55,603,1
507,Herdier,507,9,147,130,604,1
508,Stoutland,508,12,610,225,605,1
509,Purrloin,509,4,101,56,606,1
510,Liepard,510,11,375,156,607,1
511,Pansage,511,6,105,63,608,1
512,Simisage,512,11,305,174,609,1
513,Pansear,513,6,110,63,610,1
514,Simisear,514,10,280,174,611,1
515,Panpour,515,6,135,63,612,1
516,Simipour,516,10,290,174,613,1
517,Munna,517,6,233,58,614,1
518,Musharna,518,11,605,170,615,1
519,Pidove,519,3,21,53,616,1
520,Tranquill,520,6,150,125,617,1
521,Unfezant,521,12,290,220,618,1
522,Blitzle,522,8,298,59,619,1
523,Zebstrika,523,16,795,174,620,1
524,Roggenrola,524,4,180,56,621,1
525,Boldore,525,9,1020,137,622,1
526,Gigalith,526,17,2600,232,623,1
527,Woobat,527,4,21,65,624,1
528,Swoobat,528,9,105,149,625,1
529,Drilbur,529,3,85,66,626,1
530,Excadrill,530,7,404,178,627,1
531,Audino,531,11,310,390,628,1
532,Timburr,532,6,125,61,630,1
533,Gurdurr,533,12,400,142,631,1
534,Conkeldurr,534,14,870,227,632,1
535,Tympole,535,5,45,59,633,1
536,Palpitoad,536,8,170,134,634,1
537,Seismitoad,537,15,620,229,635,1
538,Throh,538,13,555,163,636,1
539,Sawk,539,14,510,163,637,1
540,Sewaddle,540,3,25,62,638,1
541,Swadloon,541,5,73,133,639,1
542,Leavanny,542,12,205,225,640,1
543,Venipede,543,4,53,52,641,1
544,Whirlipede,544,12,585,126,642,1
545,Scolipede,545,25,2005,218,643,1
546,Cottonee,546,3,6,56,644,1
547,Whimsicott,547,7,66,168,645,1
548,Petilil,548,5,66,56,646,1
549,Lilligant,549,11,163,168,647,1
550,Basculin-Red-Striped,550,10,180,161,648,1
551,Sandile,551,7,152,58,650,1
552,Krokorok,552,10,334,123,651,1
553,Krookodile,553,15,963,234,652,1
554,Darumaka,554,6,375,63,653,1
555,Darmanitan-Standard,555,13,929,168,654,1
556,Maractus,556,10,280,161,656,1
557,Dwebble,557,3,145,65,657,1
558,Crustle,558,14,2000,170,658,1
559,Scraggy,559,6,118,70,659,1
560,Scrafty,560,11,300,171,660,1
561,Sigilyph,561,14,140,172,661,1
562,Yamask,562,5,15,61,662,1
563,Cofagrigus,563,17,765,169,663,1
564,Tirtouga,564,7,165,71,664,1
565,Carracosta,565,12,810,173,665,1
566,Archen,566,5,95,71,666,1
567,Archeops,567,14,320,177,667,1
568,Trubbish,568,6,310,66,668,1
569,Garbodor,569,19,1073,166,669,1
570,Zorua,570,7,125,66,670,1
571,Zoroark,571,16,811,179,671,1
572,Minccino,572,4,58,60,672,1
573,Cinccino,573,5,75,165,673,1
574,Gothita,574,4,58,58,674,1
575,Gothorita,575,7,180,137,675,1
576,Gothitelle,576,15,440,221,676,1
577,Solosis,577,3,10,58,677,1
578,Duosion,578,6,80,130,678,1
579,Reuniclus,579,10,201,221,679,1
580,Ducklett,580,5,55,61,680,1
581,Swanna,581,13,242,166,681,1
582,Vanillite,582,4,57,61,682,1
583,Vanillish,583,11,410,138,683,1
584,Vanilluxe,584,13,575,241,684,1
585,Deerling,585,6,195,67,685,1
586,Sawsbuck,586,19,925,166,686,1
587,Emolga,587,4,50,150,687,1
588,Karrablast,588,5,59,63,688,1
589,Escavalier,589,10,330,173,689,1
590,Foongus,590,2,10,59,690,1
591,Amoonguss,591,6,105,162,691,1
592,Frillish,592,12,330,67,692,1
593,Jellicent,593,22,1350,168,693,1
594,Alomomola,594,12,316,165,694,1
595,Joltik,595,1,6,64,695,1
596,Galvantula,596,8,143,165,696,1
597,Ferroseed,597,6,188,61,697,1
598,Ferrothorn,598,10,1100,171,698,1
599,Klink,599,3,210,60,699,1
600,Klang,600,6,510,154,700,1
601,Klinklang,601,6,810,234,701,1
602,Tynamo,602,2,3,55,702,1
603,Eelektrik,603,12,220,142,703,1
604,Eelektross,604,21,805,232,704,1
605,Elgyem,605,5,90,67,705,1
606,Beheeyem,606,10,345,170,706,1
607,Litwick,607,3,31,55,707,1
608,Lampent,608,6,130,130,708,1
609,Chandelure,609,10,343,234,709,1
610,Axew,610,6,180,64,710,1
611,Fraxure,611,10,360,144,711,1
612,Haxorus,612,18,1055,243,712,1
613,Cubchoo,613,5,85,61,713,1
614,Beartic,614,26,2600,177,714,1
615,Cryogonal,615,11,1480,180,715,1
616,Shelmet,616,4,77,61,716,1
617,Accelgor,617,8,253,173,717,1
618,Stunfisk,618,7,110,165,718,1
619,Mienfoo,619,9,200,70,719,1
620,Mienshao,620,14,355,179,720,1
621,Druddigon,621,16,1390,170,721,1
622,Golett,622,10,920,61,722,1
623,Golurk,623,28,3300,169,723,1
624,Pawniard,624,5,102,68,724,1
625,Bisharp,625,16,700,172,725,1
626,Bouffalant,626,16,946,172,726,1
627,Rufflet,627,5,105,70,727,1
628,Braviary,628,15,410,179,728,1
629,Vullaby,629,5,90,74,729,1
630,Mandibuzz,630,12,395,179,730,1
631,Heatmor,631,14,580,169,731,1
632,Durant,632,3,330,169,732,1
633,Deino,633,8,173,60,733,1
634,Zweilous,634,14,500,147,734,1
635,Hydreigon,635,18,1600,270,735,1
636,Larvesta,636,11,288,72,736,1
637,Volcarona,637,16,460,248,737,1
638,Cobalion,638,21,2500,261,738,1
639,Terrakion,639,19,2600,261,739,1
640,Virizion,640,20,2000,261,740,1
641,Tornadus-Incarnate,641,15,630,261,741,1
642,Thundurus-Incarnate,642,15,610,261,743,1
643,Reshiram,643,32,3300,306,745,1
644,Zekrom,644,29,3450,306,746,1
645,Landorus-Incarnate,645,15,680,270,747,1
646,Kyurem,646,30,3250,297,749,1
647,Keldeo-Ordinary,647,14,485,261,752,1
648,Meloetta-Aria,648,6,65,270,754,1
649,Genesect,649,15,825,270,756,1
650,Chespin,650,4,90,63,757,1
651,Quilladin,651,7,290,142,758,1
652,Chesnaught,652,16,900,239,759,1
653,Fennekin,653,4,94,61,760,1
654,Braixen,654,10,145,143,761,1
655,Delphox,655,15,390,240,762,1
656,Froakie,656,3,70,63,763,1
657,Frogadier,657,6,109,142,764,1
658,Greninja,658,15,400,239,765,1
659,Bunnelby,659,4,50,47,768,1
660,Diggersby,660,10,424,148,769,1
661,Fletchling,661,3,17,56,770,1
662,Fletchinder,662,7,160,134,771,1
663,Talonflame,663,12,245,175,772,1
664,Scatterbug,664,3,25,40,773,1
665,Spewpa,665,3,84,75,774,1
666,Vivillon,666,12,170,185,775,1
667,Litleo,667,6,135,74,776,1
668,Pyroar,668,15,815,177,777,1
669,Flabebe,669,1,1,61,778,1
670,Floette,670,2,9,130,779,1
671,Florges,671,11,100,248,781,1
672,Skiddo,672,9,310,70,782,1
673,Gogoat,673,17,910,186,783,1
674,Pancham,674,6,80,70,784,1
675,Pangoro,675,21,1360,173,785,1
676,Furfrou,676,12,280,165,786,1
677,Espurr,677,3,35,71,787,1
678,Meowstic-Male,678,6,85,163,788,1
679,Honedge,679,8,20,65,790,1
680,Doublade,680,8,45,157,791,1
681,Aegislash-Shield,681,17,530,234,792,1
682,Spritzee,682,2,5,68,794,1
683,Aromatisse,683,8,155,162,795,1
684,Swirlix,684,4,35,68,796,1
685,Slurpuff,685,8,50,168,797,1
686,Inkay,686,4,35,58,798,1
687,Malamar,687,15,470,169,799,1
688,Binacle,688,5,310,61,800,1
689,Barbaracle,689,13,960,175,801,1
690,Skrelp,690,5,73,64,802,1
691,Dragalge,691,18,815,173,803,1
692,Clauncher,692,5,83,66,804,1
693,Clawitzer,693,13,353,100,805,1
694,Helioptile,694,5,60,58,806,1
695,Heliolisk,695,10,210,168,807,1
696,Tyrunt,696,8,260,72,808,1
697,Tyrantrum,697,25,2700,182,809,1
698,Amaura,698,13,252,72,810,1
699,Aurorus,699,27,2250,104,811,1
700,Sylveon,700,10,235,184,212,1
701,Hawlucha,701,8,215,175,812,1
702,Dedenne,702,2,22,151,813,1
703,Carbink,703,3,57,100,814,1
704,Goomy,704,3,28,60,815,1
705,Sliggoo,705,8,175,158,816,1
706,Goodra,706,20,1505,270,817,1
707,Klefki,707,2,30,165,818,1
708,Phantump,708,4,70,62,819,1
709,Trevenant,709,15,710,166,820,1
710,Pumpkaboo-Average,710,4,50,67,821,1
711,Gourgeist-Average,711,9,125,173,825,1
712,Bergmite,712,10,995,61,829,1
713,Avalugg,713,20,5050,180,830,1
714,Noibat,714,5,80,49,831,1
715,Noivern,715,15,850,187,832,1
716,Xerneas,716,30,2150,306,833,1
717,Yveltal,717,58,2030,306,834,1
718,Zygarde,718,50,3050,270,835,1
719,Diancie,719,7,88,270,839,1
720,Hoopa,720,5,90,270,841,1
721,Volcanion,721,17,1950,270,843,1
722,Rowlet,722,3,15,64,844,1
723,Dartrix,723,7,160,147,845,1
724,Decidueye,724,16,366,239,846,1
725,Litten,725,4,43,64,847,1
726,Torracat,726,7,250,147,848,1
727,Incineroar,727,18,830,239,849,1
728,Popplio,728,4,75,64,850,1
729,Brionne,729,6,175,147,851,1
730,Primarina,730,18,440,239,852,1
731,Pikipek,731,3,12,53,853,1
732,Trumbeak,732,6,148,124,854,1
733,Toucannon,733,11,260,218,855,1
734,Yungoos,734,4,60,51,856,1
735,Gumshoos,735,7,142,146,857,1
736,Grubbin,736,4,44,60,859,1
737,Charjabug,737,5,105,140,860,1
738,Vikavolt,738,15,450,225,861,1
739,Crabrawler,739,6,70,68,863,1
740,Crabominable,740,17,1800,167,864,1
741,Oricorio-Baile,741,6,34,167,865,1
742,Cutiefly,742,1,2,61,869,1
743,Ribombee,743,2,5,162,870,1
744,Rockruff,744,5,92,56,872,1
745,Lycanroc-Midday,745,8,250,170,874,1
746,Wishiwashi-Solo,746,2,3,61,877,1
747,Mareanie,747,4,80,61,879,1
748,Toxapex,748,7,145,173,880,1
749,Mudbray,749,10,1100,77,881,1
750,Mudsdale,750,25,9200,175,882,1
751,Dewpider,751,3,40,54,883,1
752,Araquanid,752,18,820,159,884,1
753,Fomantis,753,3,15,50,886,1
754,Lurantis,754,9,185,168,887,1
755,Morelull,755,2,15,57,889,1
756,Shiinotic,756,10,115,142,890,1
757,Salandit,757,6,48,64,891,1
758,Salazzle,758,12,222,168,892,1
759,Stufful,759,5,68,68,894,1
760,Bewear,760,21,1350,175,895,1
761,Bounsweet,761,3,32,42,896,1
762,Steenee,762,7,82,102,897,1
763,Tsareena,763,12,214,230,898,1
764,Comfey,764,1,3,170,899,1
765,Oranguru,765,15,760,172,900,1
766,Passimian,766,20,828,172,901,1
767,Wimpod,767,5,120,46,902,1
768,Golisopod,768,20,1080,186,903,1
769,Sandygast,769,5,700,64,904,1
770,Palossand,770,13,2500,168,905,1
771,Pyukumuku,771,3,12,144,906,1
772,Type-Null,772,19,1205,107,907,1
773,Silvally,773,23,1005,257,908,1
774,Minior-Red-Meteor,774,3,400,154,909,1
775,Komala,775,4,199,168,923,1
776,Turtonator,776,20,2120,170,924,1
777,Togedemaru,777,3,33,152,925,1
778,Mimikyu-Disguised,778,2,7,167,927,1
779,Bruxish,779,9,190,166,931,1
780,Drampa,780,30,1850,170,932,1
781,Dhelmise,781,39,2100,181,933,1
782,Jangmo-O,782,6,297,60,934,1
783,Hakamo-O,783,12,470,147,935,1
784,Kommo-O,784,16,782,270,936,1
785,Tapu-Koko,785,18,205,257,938,1
786,Tapu-Lele,786,12,186,257,939,1
787,Tapu-Bulu,787,19,455,257,940,1
788,Tapu-Fini,788,13,212,257,941,1
789,Cosmog,789,2,1,40,942,1
790,Cosmoem,790,1,9999,140,943,1
791,Solgaleo,791,34,2300,306,944,1
792,Lunala,792,40,1200,306,945,1
793,Nihilego,793,12,555,257,946,1
794,Buzzwole,794,24,3336,257,947,1
795,Pheromosa,795,18,250,257,948,1
796,Xurkitree,796,38,1000,257,949,1
797,Celesteela,797,92,9999,257,950,1
798,Kartana,798,3,1,257,951,1
799,Guzzlord,799,55,8880,257,952,1
800,Necrozma,800,24,2300,270,953,1
801,Magearna,801,10,805,270,957,1
802,Marshadow,802,7,222,270,959,1
803,Poipole,803,6,18,189,960,1
804,Naganadel,804,36,1500,243,961,1
805,Stakataka,805,55,8200,257,962,1
806,Blacephalon,806,18,130,257,963,1
807,Zeraora,807,15,445,270,964,1
10001,Deoxys-Attack,386,17,608,270,497,0
10002,Deoxys-Defense,386,17,608,270,498,0
10003,Deoxys-Speed,386,17,608,270,499,0
10004,Wormadam-Sandy,413,5,65,148,525,0
10005,Wormadam-Trash,413,5,65,148,526,0
10006,Shaymin-Sky,492,4,52,270,589,0
10007,Giratina-Origin,487,69,6500,306,583,0
10008,Rotom-Heat,479,3,3,182,570,0
10009,Rotom-Wash,479,3,3,182,571,0
10010,Rotom-Frost,479,3,3,182,572,0
10011,Rotom-Fan,479,3,3,182,573,0
10012,Rotom-Mow,479,3,3,182,574,0
10013,Castform-Sunny,351,3,8,147,447,0
10014,Castform-Rainy,351,3,8,147,448,0
10015,Castform-Snowy,351,3,8,147,449,0
10016,Basculin-Blue-Striped,550,10,180,161,649,0
10017,Darmanitan-Zen,555,13,929,189,655,0
10018,Meloetta-Pirouette,648,6,65,270,755,0
10019,Tornadus-Therian,641,14,630,261,742,0
10020,Thundurus-Therian,642,30,610,261,744,0
10021,Landorus-Therian,645,13,680,270,748,0
10022,Kyurem-Black,646,33,3250,315,751,0
10023,Kyurem-White,646,36,3250,315,750,0
10024,Keldeo-Resolute,647,14,485,261,753,0
10025,Meowstic-Female,678,6,85,163,789,0
10026,Aegislash-Blade,681,17,530,234,793,0
10027,Pumpkaboo-Small,710,3,35,67,822,0
10028,Pumpkaboo-Large,710,5,75,67,823,0
10029,Pumpkaboo-Super,710,8,150,67,824,0
10030,Gourgeist-Small,711,7,95,173,826,0
10031,Gourgeist-Large,711,11,140,173,827,0
10032,Gourgeist-Super,711,17,390,173,828,0
10033,Venusaur-Mega,3,24,1555,281,4,0
10034,Charizard-Mega-X,6,17,1105,285,8,0
10035,Charizard-Mega-Y,6,17,1005,285,9,0
10036,Blastoise-Mega,9,16,1011,284,13,0
10037,Alakazam-Mega,65,12,480,270,103,0
10038,Gengar-Mega,94,14,405,270,141,0
10039,Kangaskhan-Mega,115,22,1000,207,175,0
10040,Pinsir-Mega,127,17,590,210,197,0
10041,Gyarados-Mega,130,65,3050,224,201,0
10042,Aerodactyl-Mega,142,21,790,215,221,0
10043,Mewtwo-Mega-X,150,23,1270,351,231,0
10044,Mewtwo-Mega-Y,150,15,330,351,232,0
10045,Ampharos-Mega,181,14,615,275,261,0
10046,Scizor-Mega,212,20,1250,210,187,0
10047,Heracross-Mega,214,17,625,210,296,0
10048,Houndoom-Mega,229,19,495,210,315,0
10049,Tyranitar-Mega,248,25,2550,315,327,0
10050,Blaziken-Mega,257,19,520,284,338,0
10051,Gardevoir-Mega,282,16,484,278,365,0
10052,Mawile-Mega,303,10,235,168,390,0
10053,Aggron-Mega,306,22,3950,284,394,0
10054,Medicham-Mega,308,13,315,179,397,0
10055,Manectric-Mega,310,18,440,201,400,0
10056,Banette-Mega,354,12,130,194,453,0
10057,Absol-Mega,359,12,490,198,461,0
10058,Garchomp-Mega,445,19,950,315,553,0
10059,Lucario-Mega,448,13,575,219,556,0
10060,Abomasnow-Mega,460,27,1850,208,568,0
10061,Floette-Eternal,670,2,9,243,780,0
10062,Latias-Mega,380,18,520,315,486,0
10063,Latios-Mega,381,23,700,315,488,0
10064,Swampert-Mega,260,19,1020,286,342,0
10065,Sceptile-Mega,254,19,552,284,334,0
10066,Sableye-Mega,302,5,1610,168,388,0
10067,Altaria-Mega,334,15,206,207,429,0
10068,Gallade-Mega,475,16,564,278,367,0
10069,Audino-Mega,531,15,320,425,629,0
10070,Sharpedo-Mega,319,25,1303,196,412,0
10071,Slowbro-Mega,80,20,1200,207,122,0
10072,Steelix-Mega,208,105,7400,214,144,0
10073,Pidgeot-Mega,18,22,505,261,24,0
10074,Glalie-Mega,362,21,3502,203,464,0
10075,Diancie-Mega,719,11,278,315,840,0
10076,Metagross-Mega,376,25,9429,315,481,0
10077,Kyogre-Primal,382,98,4300,347,490,0
10078,Groudon-Primal,383,50,9997,347,492,0
10079,Rayquaza-Mega,384,108,3920,351,494,0
10080,Pikachu-Rock-Star,25,4,60,112,37,0
10081,Pikachu-Belle,25,4,60,112,38,0
10082,Pikachu-Pop-Star,25,4,60,112,39,0
10083,Pikachu-Phd,25,4,60,112,40,0
10084,Pikachu-Libre,25,4,60,112,41,0
10085,Pikachu-Cosplay,25,4,60,112,36,0
10086,Hoopa-Unbound,720,65,4900,306,842,0
10087,Camerupt-Mega,323,25,3205,196,417,0
10088,Lopunny-Mega,428,13,283,203,541,0
10089,Salamence-Mega,373,18,1126,315,477,0
10090,Beedrill-Mega,15,14,405,223,20,0
10091,Rattata-Alola,19,3,38,51,26,0
10092,Raticate-Alola,20,7,255,145,28,0
10093,Raticate-Totem-Alola,20,14,1050,145,29,0
10094,Pikachu-Original-Cap,25,4,60,112,42,0
10095,Pikachu-Hoenn-Cap,25,4,60,112,43,0
10096,Pikachu-Sinnoh-Cap,25,4,60,112,44,0
10097,Pikachu-Unova-Cap,25,4,60,112,45,0
10098,Pikachu-Kalos-Cap,25,4,60,112,46,0
10099,Pikachu-Alola-Cap,25,4,60,112,47,0
10100,Raichu-Alola,26,7,210,218,50,0
10101,Sandshrew-Alola,27,7,400,60,52,0
10102,Sandslash-Alola,28,12,550,158,54,0
10103,Vulpix-Alola,37,6,99,60,65,0
10104,Ninetales-Alola,38,11,199,177,67,0
10105,Diglett-Alola,50,2,10,53,83,0
10106,Dugtrio-Alola,51,7,666,149,85,0
10107,Meowth-Alola,52,4,42,58,87,0
10108,Persian-Alola,53,11,330,154,89,0
10109,Geodude-Alola,74,4,203,60,113,0
10110,Graveler-Alola,75,10,1100,137,115,0
10111,Golem-Alola,76,17,3160,223,117,0
10112,Grimer-Alola,88,7,420,65,133,0
10113,Muk-Alola,89,10,520,175,135,0
10114,Exeggutor-Alola,103,109,4156,186,153,0
10115,Marowak-Alola,105,10,340,149,156,0
10116,Greninja-Battle-Bond,658,15,400,239,766,0
10117,Greninja-Ash,658,15,400,288,767,0
10118,Zygarde-10,718,12,335,219,836,0
10119,Zygarde-50,718,50,3050,270,837,0
10120,Zygarde-Complete,718,45,6100,319,838,0
10121,Gumshoos-Totem,735,14,600,146,858,0
10122,Vikavolt-Totem,738,26,1475,225,862,0
10123,Oricorio-Pom-Pom,741,6,34,167,866,0
10124,Oricorio-Pau,741,6,34,167,867,0
10125,Oricorio-Sensu,741,6,34,167,868,0
10126,Lycanroc-Midnight,745,11,250,170,875,0
10127,Wishiwashi-School,746,82,786,217,878,0
10128,Lurantis-Totem,754,15,580,168,888,0
10129,Salazzle-Totem,758,21,810,168,893,0
10130,Minior-Orange-Meteor,774,3,400,154,910,0
10131,Minior-Yellow-Meteor,774,3,400,154,911,0
10132,Minior-Green-Meteor,774,3,400,154,912,0
10133,Minior-Blue-Meteor,774,3,400,154,913,0
10134,Minior-Indigo-Meteor,774,3,400,154,914,0
10135,Minior-Violet-Meteor,774,3,400,154,915,0
10136,Minior-Red,774,3,3,175,916,0
10137,Minior-Orange,774,3,3,175,917,0
10138,Minior-Yellow,774,3,3,175,918,0
10139,Minior-Green,774,3,3,175,919,0
10140,Minior-Blue,774,3,3,175,920,0
10141,Minior-Indigo,774,3,3,175,921,0
10142,Minior-Violet,774,3,3,175,922,0
10143,Mimikyu-Busted,778,2,7,167,928,0
10144,Mimikyu-Totem-Disguised,778,4,28,167,929,0
10145,Mimikyu-Totem-Busted,778,4,28,167,930,0
10146,Kommo-O-Totem,784,24,2075,270,937,0
10147,Magearna-Original,801,10,805,270,958,0
10148,Pikachu-Partner-Cap,25,4,60,112,48,0
10149,Marowak-Totem,105,17,980,149,157,0
10150,Ribombee-Totem,743,4,20,162,871,0
10151,Rockruff-Own-Tempo,744,5,92,56,873,0
10152,Lycanroc-Dusk,745,8,250,170,876,0
10153,Araquanid-Totem,752,31,2175,159,885,0
10154,Togedemaru-Totem,777,6,130,152,926,0
10155,Necrozma-Dusk,800,38,4600,306,954,0
10156,Necrozma-Dawn,800,42,3500,306,955,0
10157,Necrozma-Ultra,800,75,2300,339,956,0